رمز المساق,رقم المساق,الشعبة,اسم المساق,الساعات,سعة القاعة,سبت,حد,ثن,ثل,ربع,خمس,جمع,وقت البداية,وقت النهاية,الحد الاقصى,الشعبة ملغاة,رمز القاعة,عدد المسجلين,المحاضر,طريقة  تدريس المساق
BIT,221,1,الجوانب القانونية في تكنولوجيا المعلومات,3,300,  ,X,  ,X,  ,X,  ,05:30:00 PM,06:30:00 PM,54,لا,0 Oline,54,احمد يوسف رواشدة,إلكتروني
BIT,221,2,الجوانب القانونية في تكنولوجيا المعلومات,3,300,X,  ,X,  ,X,  ,  ,06:30:00 PM,07:30:00 PM,52,لا,0 Oline,52,هبه خالد القرعان,إلكتروني
BIT,222,1,ريادة الأعمال في تكنولوجيا المعلومات,3,72,  ,X,  ,X,  ,X,  ,01:30:00 PM,02:30:00 PM,64,لا,خز 422,63,عيسى الشهابات,وجاهي
BIT,241,1,بحوث العمليات,3,55,  ,X,  ,X,  ,X,  ,09:30:00 AM,10:30:00 AM,45,لا,م.ق 207,45,بلال ابوعطا,مدمج
BIT,250,1,التجارة الالكترونية,3,57,  ,X,  ,X,  ,X,  ,11:30:00 AM,12:30:00 PM,58,لا,م.ق 206,58,هبه خالد القرعان,مدمج
BIT,270,1,التسويق الالكتروني,3,33,  ,X,  ,X,  ,X,  ,01:30:00 PM,02:30:00 PM,30,لا,م.ق 102,30,يسرى عبده حرب,وجاهي
BIT,364,1,ادارة النظم والمشاريع,3,55,  ,X,  ,X,  ,X,  ,11:30:00 AM,12:30:00 PM,55,لا,م.ق 207,55,علي الزحراوي,وجاهي
BIT,364,2,ادارة النظم والمشاريع,3,56,  ,X,  ,X,  ,X,  ,10:30:00 AM,11:30:00 AM,46,لا,خز 413,45,علي الزحراوي,وجاهي
BIT,370,1,تخطيط الموارد المؤسسية (ERP),3,55,  ,X,  ,X,  ,X,  ,12:30:00 PM,01:30:00 PM,39,لا,م.ق 204,39,عيسى الشهابات,وجاهي
BIT,381,1,تطوير تطبيقات الانترنت (1),3,49,  ,X,  ,X,  ,X,  ,10:30:00 AM,11:30:00 AM,44,لا,خز 117,44,عيسى الشهابات,وجاهي
BIT,381,2,تطوير تطبيقات الانترنت (1),3,44,  ,  ,X,  ,X,  ,  ,02:00:00 PM,03:30:00 PM,45,لا,خز 116,43,عيسى الشهابات,وجاهي
BIT,381,3,تطوير تطبيقات الانترنت (1),3,49,  ,  ,X,  ,X,  ,  ,12:30:00 PM,02:00:00 PM,45,لا,خز 117,35,عدنان الرواشده,وجاهي
BIT,381,4,تطوير تطبيقات الانترنت (1),3,49,  ,X,  ,X,  ,X,  ,08:30:00 AM,09:30:00 AM,52,لا,خز 117,52,احمد يوسف رواشدة,وجاهي
BIT,382,1,ادارة المعرفة,3,72,  ,X,  ,X,  ,X,  ,02:30:00 PM,03:30:00 PM,37,لا,خز 324,36,احمد يوسف رواشدة,وجاهي
BIT,385,1,تمثيل مرئي للبيانات,3,30,  ,  ,X,  ,X,  ,  ,12:30:00 PM,02:00:00 PM,25,لا,خز 226,14,يسرى عبده حرب,وجاهي
BIT,386,1,تكنولوجيا  الويب,3,39,  ,X,  ,X,  ,X,  ,10:30:00 AM,11:30:00 AM,42,لا,م.ق 103,42,احمد يوسف رواشدة,وجاهي
BIT,480,1,نظم دعم القرار,3,55,  ,X,  ,X,  ,X,  ,09:30:00 AM,10:30:00 AM,31,لا,م.ق 208,29,يسرى عبده حرب,وجاهي
BIT,480L,1,مختبر نظم دعم القرار,1,33,  ,X,  ,X,  ,X,  ,11:30:00 AM,12:30:00 PM,34,لا,م.ق 102,34,يسرى عبده حرب,وجاهي
BIT,481,1,تطوير تطبيقات الانترنت (2),3,49,  ,X,  ,X,  ,X,  ,11:30:00 AM,12:30:00 PM,52,لا,خز 117,52,بلال ابوعطا,وجاهي
BIT,481,2,تطوير تطبيقات الانترنت (2),3,39,  ,  ,X,  ,X,  ,  ,12:30:00 PM,02:00:00 PM,45,لا,م.ق 103,45,بلال ابوعطا,وجاهي
BIT,481,3,تطوير تطبيقات الانترنت (2),3,39,  ,X,  ,X,  ,X,  ,01:30:00 PM,02:30:00 PM,40,لا,م.ق 103,40,علي الزحراوي,وجاهي
BIT,483,1,ذكاء الاعمال,3,49,  ,X,  ,X,  ,X,  ,01:30:00 PM,02:30:00 PM,53,لا,خز 117,53,هبه خالد القرعان,وجاهي
BIT,483,2,ذكاء الاعمال,3,30,  ,X,  ,X,  ,X,  ,09:30:00 AM,10:30:00 AM,32,لا,خز 226,32,هبه خالد القرعان,وجاهي
BIT,499,1,مشروع تخرج,3,300,X,  ,X,  ,X,  ,  ,05:30:00 PM,06:30:00 PM,11,لا,0 Oline,6,بلال ابوعطا,إلكتروني
BIT,499,2,مشروع تخرج,3,300,X,  ,X,  ,X,  ,  ,05:30:00 PM,06:30:00 PM,11,لا,0 Oline,10,يسرى عبده حرب,إلكتروني
BIT,499,3,مشروع تخرج,3,300,  ,X,  ,X,  ,X,  ,05:30:00 PM,06:30:00 PM,16,لا,0 Oline,16,علاءالدين حمود,إلكتروني
CIS,120,1,مقدمة في نظم المعلومات والبرمجة,3,99,  ,X,  ,X,  ,X,  ,01:30:00 PM,02:30:00 PM,62,لا,خز 416,62,سهى ربابعه,مدمج
CIS,120,4,مقدمة في نظم المعلومات والبرمجة,3,72,  ,X,  ,X,  ,X,  ,01:30:00 PM,02:30:00 PM,57,لا,خز 424,49,غير محدد,مدمج
CIS,214,1,البرمجة المرئية,3,40,  ,X,  ,X,  ,X,  ,09:30:00 AM,10:30:00 AM,40,لا,خز 111,40,عبدالله الاخرس,وجاهي
CIS,214,2,البرمجة المرئية,3,44,  ,X,  ,X,  ,X,  ,10:30:00 AM,11:30:00 AM,45,لا,خز 116,45,عبدالله الاخرس,وجاهي
CIS,214,3,البرمجة المرئية,3,38,  ,  ,X,  ,X,  ,  ,02:00:00 PM,03:30:00 PM,38,لا,خز 107,33,غير محدد,وجاهي
CIS,240,1,مدخل الى هندسة البرمجيات,3,55,  ,X,  ,X,  ,X,  ,08:30:00 AM,09:30:00 AM,55,لا,م.ق 204,54,اياد العزام,وجاهي
CIS,240,2,مدخل الى هندسة البرمجيات,3,55,  ,X,  ,X,  ,X,  ,10:30:00 AM,11:30:00 AM,55,لا,م.ق 204,55,اياد العزام,وجاهي
CIS,240,3,مدخل الى هندسة البرمجيات,3,57,  ,X,  ,X,  ,X,  ,10:30:00 AM,11:30:00 AM,57,لا,م.ق 205,54,عماد السخني,وجاهي
CIS,240,4,مدخل الى هندسة البرمجيات,3,55,  ,  ,X,  ,X,  ,  ,12:30:00 PM,02:00:00 PM,55,لا,م.ق 208,34,ابرار عبدالحق,وجاهي
CIS,260,1,نظم قواعد البيانات,3,72,  ,X,  ,X,  ,X,  ,10:30:00 AM,11:30:00 AM,64,لا,خز 324,59,ابرار عبدالحق,وجاهي
CIS,260,2,نظم قواعد البيانات,3,55,  ,  ,X,  ,X,  ,  ,12:30:00 PM,02:00:00 PM,50,لا,م.ق 207,28,عبدالله الاخرس,وجاهي
CIS,260,3,نظم قواعد البيانات,3,72,  ,X,  ,X,  ,X,  ,01:30:00 PM,02:30:00 PM,66,لا,خز 324,65,عبدالله الاخرس,وجاهي
CIS,260,4,نظم قواعد البيانات,3,72,  ,X,  ,X,  ,X,  ,12:30:00 PM,01:30:00 PM,60,لا,خز 324,60,ابرار عبدالحق,وجاهي
CIS,260L,1,مختبر نظم قواعد البيانات,1,33,  ,X,  ,X,  ,X,  ,09:30:00 AM,10:30:00 AM,33,لا,م.ق 102,33,سهى ربابعه,وجاهي
CIS,260L,2,مختبر نظم قواعد البيانات,1,39,  ,X,  ,X,  ,X,  ,12:30:00 PM,01:30:00 PM,39,لا,م.ق 103,39,عبدالله الاخرس,وجاهي
CIS,260L,3,مختبر نظم قواعد البيانات,1,39,  ,  ,X,  ,X,  ,  ,10:00:00 AM,11:30:00 AM,40,لا,م.ق 103,40,سهى ربابعه,وجاهي
CIS,265,1,إدارة نظم قواعد البيانات,3,300,  ,X,  ,X,  ,X,  ,07:30:00 PM,08:30:00 PM,92,لا,0 Oline,92,مريم نصير,إلكتروني
CIS,340,1,التحليل والتصميم الكينوني,3,300,X,  ,X,  ,X,  ,  ,06:30:00 PM,07:30:00 PM,37,لا,0 Oline,33,سحر العمري,إلكتروني
CIS,340L,1,مختبر التحليل والتصميم الكينوني,1,35,  ,X,  ,X,  ,X,  ,09:30:00 AM,10:30:00 AM,34,لا,خز 103,34,سحر العمري,وجاهي
CIS,342,1,تحليل وتصميم النظم,3,55,  ,X,  ,X,  ,X,  ,10:30:00 AM,11:30:00 AM,58,لا,م.ق 208,58,احمد علي سعيفان,وجاهي
CIS,342,2,تحليل وتصميم النظم,3,57,  ,X,  ,X,  ,X,  ,12:30:00 PM,01:30:00 PM,59,لا,م.ق 206,59,احمد علي سعيفان,وجاهي
CIS,360,1,تطوير تطبيقات قواعد البيانات,3,39,  ,X,  ,X,  ,X,  ,08:30:00 AM,09:30:00 AM,41,لا,م.ق 103,41,مريم نصير,وجاهي
CIS,367,1,مستودعات البيانات,3,57,X,  ,X,  ,X,  ,  ,08:30:00 AM,09:30:00 AM,41,لا,م.ق 205,40,مريم نصير,مدمج
CIS,370,1,النظم الذكية وانترنت الاشياء,3,99,  ,  ,X,  ,X,  ,  ,12:30:00 PM,02:00:00 PM,64,لا,خز 316,64,رامي ضرار ملكاوي,وجاهي
CIS,382,1,الحوسبة السحابية,3,39,  ,X,  ,X,  ,X,  ,09:30:00 AM,10:30:00 AM,38,لا,م.ق 103,38,عماد شواقفه,مدمج
CIS,440,1,إختبار البرمجيات والتحقق منها,3,55,X,  ,X,  ,X,  ,  ,09:30:00 AM,10:30:00 AM,50,لا,م.ق 204,49,اياد العزام,مدمج
CIS,464,1,نظم استرجاع المعلومات,3,72,  ,X,  ,X,  ,X,  ,02:30:00 PM,03:30:00 PM,74,لا,خز 422,74,عماد السخني,وجاهي
CIS,467A,1,تنقيب البيانات,3,99,  ,X,  ,X,  ,X,  ,10:30:00 AM,11:30:00 AM,42,لا,خز 417,40,محمداشرف علي العتوم,وجاهي
CIS,467A,2,تنقيب البيانات,3,99,  ,X,  ,X,  ,X,  ,12:30:00 PM,01:30:00 PM,41,لا,خز 417,38,محمداشرف علي العتوم,وجاهي
CIS,467L,1,مختبر تنقيب واسترجاع المعلومات,1,44,  ,X,  ,X,  ,X,  ,11:30:00 AM,12:30:00 PM,42,لا,خز 217,41,سحر العمري,وجاهي
CIS,468,1,ادارة البيانات الضخمة,3,57,  ,X,  ,X,  ,X,  ,01:30:00 PM,02:30:00 PM,55,لا,م.ق 205,53,ابرار عبدالحق,وجاهي
CIS,492,1,موضوعات خاصة,3,72,  ,X,  ,X,  ,X,  ,12:30:00 PM,01:30:00 PM,55,لا,خز 424,37,رامي عيسى محمد مهاوش,وجاهي
CIS,499,1,مشروع تخرج,3,300,X,  ,X,  ,X,  ,  ,05:30:00 PM,06:30:00 PM,13,لا,0 Oline,11,عماد شواقفه,إلكتروني
CIS,499,2,مشروع تخرج,3,300,X,  ,X,  ,X,  ,  ,05:30:00 PM,06:30:00 PM,19,لا,0 Oline,19,احمد علي سعيفان,إلكتروني
CIS,499,3,مشروع تخرج,3,300,X,  ,X,  ,X,  ,  ,05:30:00 PM,06:30:00 PM,16,لا,0 Oline,16,عبدالله الاخرس,إلكتروني
CIS,499,4,مشروع تخرج,3,300,X,  ,X,  ,X,  ,  ,05:30:00 PM,06:30:00 PM,13,لا,0 Oline,12,رامي ضرار ملكاوي,إلكتروني
CIS,499,5,مشروع تخرج,3,300,X,  ,X,  ,X,  ,  ,05:30:00 PM,06:30:00 PM,14,لا,0 Oline,4,قاسم الردايده,إلكتروني
COMP,099,1,مهارات حاسوب - إستدراكي,3,52,  ,X,  ,X,  ,X,  ,09:30:00 AM,10:30:00 AM,52,لا,خز 212,52,منى الشريده,مدمج
COMP,099,2,مهارات حاسوب - إستدراكي,3,51,  ,X,  ,X,  ,X,  ,10:30:00 AM,11:30:00 AM,53,لا,خز 112,53,منى الشريده,مدمج
COMP,099,3,مهارات حاسوب - إستدراكي,3,51,  ,X,  ,X,  ,X,  ,11:30:00 AM,12:30:00 PM,54,لا,خز 112,54,اسماء القضاه,مدمج
COMP,099,4,مهارات حاسوب - إستدراكي,3,51,  ,X,  ,X,  ,X,  ,12:30:00 PM,01:30:00 PM,54,لا,خز 112,54,اسماء القضاه,مدمج
COMP,099,5,مهارات حاسوب - إستدراكي,3,51,  ,X,  ,X,  ,X,  ,01:30:00 PM,02:30:00 PM,55,لا,خز 112,55,يوسف مياس,مدمج
COMP,099,6,مهارات حاسوب - إستدراكي,3,44,  ,X,  ,X,  ,X,  ,09:30:00 AM,10:30:00 AM,47,لا,خز 116,47,نداء المومني,مدمج
COMP,099,7,مهارات حاسوب - إستدراكي,3,52,  ,X,  ,X,  ,X,  ,10:30:00 AM,11:30:00 AM,52,لا,خز 212,52,يوسف مياس,مدمج
COMP,099,8,مهارات حاسوب - إستدراكي,3,44,  ,X,  ,X,  ,X,  ,11:30:00 AM,12:30:00 PM,47,لا,خز 216,47,ربى علاونه,مدمج
COMP,099,9,مهارات حاسوب - إستدراكي,3,44,  ,X,  ,X,  ,X,  ,12:30:00 PM,01:30:00 PM,50,لا,خز 216,50,محمد عطير,مدمج
COMP,099,10,مهارات حاسوب - إستدراكي,3,44,  ,X,  ,X,  ,X,  ,09:30:00 AM,10:30:00 AM,46,لا,خز 217,46,زينات حمدان,مدمج
COMP,099,11,مهارات حاسوب - إستدراكي,3,51,X,  ,X,  ,X,  ,  ,09:30:00 AM,10:30:00 AM,52,لا,خز 112,52,دارين بطاينه,مدمج
COMP,099,12,مهارات حاسوب - إستدراكي,3,51,X,  ,X,  ,X,  ,  ,10:30:00 AM,11:30:00 AM,53,لا,خز 112,53,ساره السعيد,مدمج
COMP,099,13,مهارات حاسوب - إستدراكي,3,51,X,  ,X,  ,X,  ,  ,11:30:00 AM,12:30:00 PM,52,لا,خز 112,52,احمد السعيد,مدمج
COMP,099,14,مهارات حاسوب - إستدراكي,3,51,X,  ,X,  ,X,  ,  ,12:30:00 PM,01:30:00 PM,54,لا,خز 112,54,احمد السعيد,مدمج
COMP,099,15,مهارات حاسوب - إستدراكي,3,44,X,  ,X,  ,X,  ,  ,09:30:00 AM,10:30:00 AM,45,لا,خز 116,45,ساره السعيد,مدمج
COMP,099,16,مهارات حاسوب - إستدراكي,3,31,X,  ,X,  ,X,  ,  ,10:30:00 AM,11:30:00 AM,33,لا,خز 105,33,عبدالله الرشدان,مدمج
CS,111,1,البرمجة بلغة مختارة ( لطلبة كلية تكنولوجيا المعلومات),3,51,  ,X,  ,X,  ,X,  ,08:30:00 AM,09:30:00 AM,42,لا,خز 112,42,باسمه هاني,وجاهي
CS,111,2,البرمجة بلغة مختارة ( لطلبة كلية تكنولوجيا المعلومات),3,52,  ,X,  ,X,  ,X,  ,08:30:00 AM,09:30:00 AM,36,لا,خز 421,36,غير محدد,وجاهي
CS,111,6,البرمجة بلغة مختارة ( لطلبة كلية تكنولوجيا المعلومات),3,52,  ,X,  ,X,  ,X,  ,11:30:00 AM,12:30:00 PM,53,لا,خز 212,53,رعد الخطيب,وجاهي
CS,111,7,البرمجة بلغة مختارة ( لطلبة كلية تكنولوجيا المعلومات),3,52,  ,  ,X,  ,X,  ,  ,12:30:00 PM,02:00:00 PM,52,لا,خز 212,52,باسمه هاني,وجاهي
CS,111L,1,مختبر البرمجة بلغة مختارة,1,51,  ,X,  ,X,  ,X,  ,09:30:00 AM,10:30:00 AM,51,لا,خز 112,51,طارق غالب درادكه,وجاهي
CS,111L,2,مختبر البرمجة بلغة مختارة,1,40,  ,X,  ,X,  ,X,  ,09:30:00 AM,10:30:00 AM,36,لا,خز 109,36,امل ابو ناصر,وجاهي
CS,111L,3,مختبر البرمجة بلغة مختارة,1,49,  ,X,  ,X,  ,X,  ,12:30:00 PM,01:30:00 PM,49,لا,خز 117,49,امل ابو ناصر,وجاهي
CS,111L,4,مختبر البرمجة بلغة مختارة,1,52,  ,  ,X,  ,X,  ,  ,08:30:00 AM,10:00:00 AM,50,لا,خز 212,43,ربى ابو خرمه,وجاهي
CS,111L,5,مختبر البرمجة بلغة مختارة,1,52,  ,X,  ,X,  ,X,  ,12:30:00 PM,01:30:00 PM,55,لا,خز 212,55,باسمه هاني,وجاهي
CS,130,1,أساسيات نظم التشغيل,3,72,  ,X,  ,X,  ,X,  ,08:30:00 AM,09:30:00 AM,66,لا,خز 324,66,معاويه الشناق,وجاهي
CS,130,2,أساسيات نظم التشغيل,3,72,  ,  ,X,  ,X,  ,  ,12:30:00 PM,02:00:00 PM,57,لا,خز 424,47,نهله شطناوي,وجاهي
CS,142,1,هياكل متقطعه,3,72,  ,X,  ,X,  ,X,  ,08:30:00 AM,09:30:00 AM,72,لا,خز 424,72,رأفت الشرمان,وجاهي
CS,142,2,هياكل متقطعه,3,72,  ,X,  ,X,  ,X,  ,10:30:00 AM,11:30:00 AM,73,لا,خز 424,73,رأفت الشرمان,وجاهي
CS,142,3,هياكل متقطعه,3,99,  ,X,  ,X,  ,X,  ,10:30:00 AM,11:30:00 AM,87,لا,خز 416,87,هشام احمد شحاده,وجاهي
CS,142,4,هياكل متقطعه,3,72,  ,  ,X,  ,X,  ,  ,02:00:00 PM,03:30:00 PM,71,لا,خز 424,48,صبا شاهر,وجاهي
CS,210,1,البرمجة الكينونية,3,38,  ,X,  ,X,  ,X,  ,08:30:00 AM,09:30:00 AM,38,لا,خز 107,38,امل ابو ناصر,وجاهي
CS,210,2,البرمجة الكينونية,3,49,  ,X,  ,X,  ,X,  ,09:30:00 AM,10:30:00 AM,42,لا,خز 117,41,فيصل الخطيب,وجاهي
CS,210,3,البرمجة الكينونية,3,44,  ,X,  ,X,  ,X,  ,09:30:00 AM,10:30:00 AM,44,لا,خز 216,44,صبا شاهر,وجاهي
CS,210,4,البرمجة الكينونية,3,52,  ,X,  ,X,  ,X,  ,10:30:00 AM,11:30:00 AM,52,لا,خز 421,52,نهله شطناوي,وجاهي
CS,210,5,البرمجة الكينونية,3,38,  ,X,  ,X,  ,X,  ,10:30:00 AM,11:30:00 AM,40,لا,خز 107,40,صبا شاهر,وجاهي
CS,210,6,البرمجة الكينونية,3,52,  ,X,  ,X,  ,X,  ,11:30:00 AM,12:30:00 PM,55,لا,خز 421,55,باسمه هاني,وجاهي
CS,210,7,البرمجة الكينونية,3,44,  ,X,  ,X,  ,X,  ,11:30:00 AM,12:30:00 PM,42,لا,خز 116,42,امل ابو ناصر,وجاهي
CS,210,8,البرمجة الكينونية,3,51,  ,  ,X,  ,X,  ,  ,02:00:00 PM,03:30:00 PM,40,لا,خز 112,25,فيصل الخطيب,وجاهي
CS,210,9,البرمجة الكينونية,3,49,  ,  ,X,  ,X,  ,  ,02:00:00 PM,03:30:00 PM,42,لا,خز 117,42,باسمه هاني,وجاهي
CS,210,11,البرمجة الكينونية,3,52,  ,  ,X,  ,X,  ,  ,12:30:00 PM,02:00:00 PM,56,لا,خز 421,56,صبا شاهر,وجاهي
CS,210L,1,مختبر البرمجة الكينونية,1,35,  ,X,  ,X,  ,X,  ,11:30:00 AM,12:30:00 PM,26,لا,خز 215,26,صبا شاهر,وجاهي
CS,210L,2,مختبر البرمجة الكينونية,1,39,  ,X,  ,X,  ,X,  ,11:30:00 AM,12:30:00 PM,20,لا,م.ق 103,16,طارق غالب درادكه,وجاهي
CS,210L,3,مختبر البرمجة الكينونية,1,52,  ,X,  ,X,  ,X,  ,12:30:00 PM,01:30:00 PM,21,لا,خز 421,19,صبا شاهر,وجاهي
CS,220,1,تصميم منطق الحاسوب,3,99,  ,X,  ,X,  ,X,  ,08:30:00 AM,09:30:00 AM,50,لا,خز 316,46,اسلام المغايره,مدمج
CS,225,1,مختبر هيكلية الحاسوب,1,44,  ,X,  ,X,  ,X,  ,10:30:00 AM,11:30:00 AM,34,لا,خز 217,33,باسمه هاني,مدمج
CS,253,1,تراكيب البيانات والخوارزميات,3,55,  ,X,  ,X,  ,X,  ,09:30:00 AM,10:30:00 AM,53,لا,خز 315,52,نهله شطناوي,وجاهي
CS,253,2,تراكيب البيانات والخوارزميات,3,99,  ,X,  ,X,  ,X,  ,12:30:00 PM,01:30:00 PM,51,لا,خز 316,51,نهله شطناوي,وجاهي
CS,253,3,تراكيب البيانات والخوارزميات,3,55,  ,X,  ,X,  ,X,  ,10:30:00 AM,11:30:00 AM,48,لا,خز 315,47,محمد حمدان,وجاهي
CS,253,4,تراكيب البيانات والخوارزميات,3,72,  ,X,  ,X,  ,X,  ,09:30:00 AM,10:30:00 AM,51,لا,خز 426,50,محمد حمدان,وجاهي
CS,281,1,نظم الوسائط المتعددة,3,38,  ,X,  ,X,  ,X,  ,09:30:00 AM,10:30:00 AM,41,لا,خز 107,41,نواف السريحين,وجاهي
CS,310,1,برمجة متقدمة,3,52,  ,X,  ,X,  ,X,  ,08:30:00 AM,09:30:00 AM,55,لا,خز 212,54,طارق غالب درادكه,وجاهي
CS,310,2,برمجة متقدمة,3,52,  ,X,  ,X,  ,X,  ,09:30:00 AM,10:30:00 AM,54,لا,خز 421,54,اسلام المغايره,وجاهي
CS,310,3,برمجة متقدمة,3,44,  ,X,  ,X,  ,X,  ,12:30:00 PM,01:30:00 PM,45,لا,خز 217,45,هشام احمد شحاده,وجاهي
CS,331,1,نظم التشغيل,3,101,  ,X,  ,X,  ,X,  ,09:30:00 AM,10:30:00 AM,58,لا,خز 317,58,رعد الخطيب,مدمج
CS,332,1,تراسل البيانات والشبكات,3,99,  ,X,  ,X,  ,X,  ,10:30:00 AM,11:30:00 AM,51,لا,خز 316,50,سوسن خليل الشطناوي,وجاهي
CS,332,2,تراسل البيانات والشبكات,3,55,  ,X,  ,X,  ,X,  ,12:30:00 PM,01:30:00 PM,56,لا,خز 313,56,سوسن خليل الشطناوي,وجاهي
CS,332,3,تراسل البيانات والشبكات,3,99,  ,  ,X,  ,X,  ,  ,02:00:00 PM,03:30:00 PM,30,لا,خز 417,30,هشام احمد شحاده,وجاهي
CS,332L,1,مختبر تراسل البيانات والشبكات,1,44,  ,X,  ,X,  ,X,  ,08:30:00 AM,09:30:00 AM,45,لا,خز 217,45,هشام احمد شحاده,وجاهي
CS,332L,2,مختبر تراسل البيانات والشبكات,1,30,  ,  ,X,  ,X,  ,  ,10:00:00 AM,11:30:00 AM,30,لا,خز 226,23,هشام احمد شحاده,وجاهي
CS,342,1,النظرية الاحتسابية,3,55,  ,X,  ,X,  ,X,  ,09:30:00 AM,10:30:00 AM,49,لا,خز 313,49,بلال عبدالغني,مدمج
CS,355,1,حل المسائل,3,35,  ,  ,X,  ,X,  ,  ,12:30:00 PM,02:00:00 PM,30,لا,خز 215,25,امل ابو ناصر,وجاهي
CS,355,2,حل المسائل,3,35,  ,  ,X,  ,X,  ,  ,02:00:00 PM,03:30:00 PM,30,لا,خز 215,30,امل ابو ناصر,وجاهي
CS,360,1,الشبكات اللاسلكية,3,99,  ,X,  ,X,  ,X,  ,01:30:00 PM,02:30:00 PM,43,لا,خز 316,36,طارق غالب درادكه,وجاهي
CS,376,1,الذكاء الاصطناعي,3,56,  ,X,  ,X,  ,X,  ,09:30:00 AM,10:30:00 AM,47,لا,خز 413,47,معاويه الشناق,وجاهي
CS,376,2,الذكاء الاصطناعي,3,72,  ,X,  ,X,  ,X,  ,11:30:00 AM,12:30:00 PM,58,لا,خز 324,58,معاويه الشناق,وجاهي
CS,411,1,برمجة تطبيقات الهواتف الذكية,3,38,  ,X,  ,X,  ,X,  ,12:30:00 PM,01:30:00 PM,43,لا,خز 107,43,نواف السريحين,مدمج
CS,432,1,معمارية الحاسوب,3,300,X,  ,X,  ,X,  ,  ,05:30:00 PM,06:30:00 PM,56,لا,0 Oline,50,طارق غالب درادكه,إلكتروني
CS,492,1,موضوعات خاصة,3,55,  ,X,  ,X,  ,X,  ,11:30:00 AM,12:30:00 PM,37,لا,خز 313,37,فيصل الخطيب,وجاهي
CS,499A,1,مشـــروع تخرج,0,55,  ,X,  ,X,  ,X,  ,02:30:00 PM,03:30:00 PM,14,لا,خز 313,13,بلال عبدالغني,مدمج
CS,499A,2,مشـــروع تخرج,0,55,  ,X,  ,X,  ,X,  ,03:30:00 PM,04:30:00 PM,14,لا,خز 313,10,بلال عبدالغني,مدمج
CS,499B,1,مشـــروع تخرج,3,99,  ,X,  ,X,  ,X,  ,03:30:00 PM,04:30:00 PM,25,لا,خز 416,24,رأفت الشرمان,مدمج
CS,499B,3,مشـــروع تخرج,3,99,  ,X,  ,X,  ,X,  ,03:30:00 PM,04:30:00 PM,23,لا,خز 316,23,معاويه الشناق,مدمج
CS,499B,4,مشـــروع تخرج,3,38,X,  ,X,  ,X,  ,  ,12:30:00 PM,02:00:00 PM,22,لا,خز 107,22,اسلام المغايره,مدمج
CYS,230,1,مبادئ الأمن السيبراني,3,300,X,  ,X,  ,X,  ,  ,05:30:00 PM,06:30:00 PM,85,لا,0 Oline,80,عدنان الرواشده,إلكتروني
CYS,230,2,مبادئ الأمن السيبراني,3,300,  ,X,  ,X,  ,X,  ,05:30:00 PM,06:30:00 PM,87,لا,0 Oline,86,قصي موفق الزعبي,إلكتروني
CYS,230,3,مبادئ الأمن السيبراني,3,300,X,  ,X,  ,X,  ,  ,05:30:00 PM,06:30:00 PM,78,لا,0 Oline,77,هديل هاني العزام,إلكتروني
CYS,230,4,مبادئ الأمن السيبراني,3,300,X,  ,X,  ,X,  ,  ,06:30:00 PM,07:30:00 PM,88,لا,0 Oline,88,محمد رسول جعافرة,إلكتروني
CYS,232,1,مقدمة في علم التشفير,3,40,  ,X,  ,X,  ,X,  ,02:30:00 PM,03:30:00 PM,38,لا,خز 111,37,مالك برهوش,وجاهي
CYS,232,2,مقدمة في علم التشفير,3,40,  ,  ,X,  ,X,  ,  ,02:00:00 PM,03:30:00 PM,25,لا,خز 111,15,مالك برهوش,وجاهي
CYS,321,1,نظم تشغيل الشبكات,3,30,  ,X,  ,X,  ,X,  ,11:30:00 AM,12:30:00 PM,30,لا,خز 226,30,هديل هاني العزام,مدمج
CYS,321,2,نظم تشغيل الشبكات,3,31,  ,X,  ,X,  ,X,  ,01:30:00 PM,02:30:00 PM,31,لا,خز 105,31,هديل هاني العزام,مدمج
CYS,331,1,إدارة  وتقييم المخاطر,3,40,X,  ,X,  ,X,  ,  ,11:30:00 AM,12:30:00 PM,33,لا,خز 111,33,هديل هاني العزام,مدمج
CYS,332,1,أمن  البرمجيات,3,44,  ,X,  ,X,  ,X,  ,01:30:00 PM,02:30:00 PM,44,لا,خز 116,44,شذى نبيل شخاتره,وجاهي
CYS,333,1,الإختراق الأخلاقي,3,41,  ,X,  ,X,  ,X,  ,09:30:00 AM,10:30:00 AM,43,لا,خز 222,43,محمد رسول جعافرة,وجاهي
CYS,333L,1,مختبر  الإختراق الأخلاقي,2,41,  ,X,  ,X,  ,  ,  ,10:30:00 AM,12:30:00 PM,40,لا,خز 222,39,محمد رسول جعافرة,وجاهي
CYS,334,1,أمن الشبكات,3,40,  ,X,  ,X,  ,X,  ,10:30:00 AM,11:30:00 AM,40,لا,خز 111,39,شذى نبيل شخاتره,وجاهي
CYS,334,2,أمن الشبكات,3,40,  ,X,  ,X,  ,X,  ,01:30:00 PM,02:30:00 PM,33,لا,خز 111,33,قصي موفق الزعبي,وجاهي
CYS,334,3,أمن الشبكات,3,35,  ,X,  ,X,  ,X,  ,09:30:00 AM,10:30:00 AM,30,لا,خز 215,27,قصي موفق الزعبي,وجاهي
CYS,370,1,برمجة ومراقبة الشبكات,3,31,  ,X,  ,X,  ,X,  ,08:30:00 AM,09:30:00 AM,31,لا,خز 105,31,سامي محمود الصمادي,وجاهي
CYS,370,2,برمجة ومراقبة الشبكات,3,31,  ,X,  ,X,  ,X,  ,02:30:00 PM,03:30:00 PM,30,لا,خز 105,22,سامي محمود الصمادي,وجاهي
CYS,437,1,سرية وخصوصية البيانات,3,40,  ,  ,X,  ,X,  ,  ,02:00:00 PM,03:30:00 PM,30,لا,خز 109,17,محمد رسول جعافرة,وجاهي
CYS,437,2,سرية وخصوصية البيانات,3,40,  ,X,  ,X,  ,X,  ,02:30:00 PM,03:30:00 PM,31,لا,خز 109,31,محمد رسول جعافرة,وجاهي
CYS,440,1,بروتوكولات أمن المعلومات,3,31,  ,  ,X,  ,X,  ,  ,12:30:00 PM,02:00:00 PM,25,لا,خز 105,19,مالك برهوش,وجاهي
CYS,461,1,تحقيقات الادلة الرقمية,3,41,  ,X,  ,X,  ,X,  ,01:30:00 PM,02:30:00 PM,39,لا,خز 222,39,محمد رسول جعافرة,وجاهي
CYS,462,1,أنظمة الشبكات الدفاعية,3,31,  ,X,  ,X,  ,X,  ,11:30:00 AM,12:30:00 PM,25,لا,خز 105,22,شذى نبيل شخاتره,مدمج
CYS,492,1,موضوعات خاصة,3,31,  ,X,  ,X,  ,X,  ,09:30:00 AM,10:30:00 AM,25,لا,خز 105,19,شذى نبيل شخاتره,مدمج
CYS,498,1,تدريب عملي,3,700,X,  ,X,  ,X,  ,  ,08:30:00 AM,02:30:00 PM,45,لا,0 ميدان,6,مالك برهوش,مدمج
CYS,499,1,مشروع تخرج,3,300,  ,X,  ,X,  ,X,  ,05:30:00 PM,06:30:00 PM,30,لا,0 Oline,30,مالك برهوش,إلكتروني
CYS,499,3,مشروع تخرج,3,300,  ,  ,X,  ,X,  ,  ,05:30:00 PM,06:30:00 PM,25,لا,0 Oline,24,شذى نبيل شخاتره,إلكتروني
DA,201,1,اساسيات علم البيانات,3,99,  ,X,  ,X,  ,X,  ,09:30:00 AM,10:30:00 AM,77,لا,خز 316,77,رامي عيسى محمد مهاوش,وجاهي
DA,201,2,اساسيات علم البيانات,3,72,  ,X,  ,X,  ,X,  ,01:30:00 PM,02:30:00 PM,73,لا,خز 326,73,رامي عيسى محمد مهاوش,وجاهي
DA,202,1,اساسيات الذكاء الاصطناعي,3,55,  ,X,  ,X,  ,X,  ,08:30:00 AM,09:30:00 AM,51,لا,خز 315,37,علي احمد ملكاوي,وجاهي
DA,202,2,اساسيات الذكاء الاصطناعي,3,72,  ,X,  ,X,  ,X,  ,10:30:00 AM,11:30:00 AM,72,لا,خز 326,70,علي احمد ملكاوي,وجاهي
DA,210,1,نظم الحوسبة لعلم البيانات والذكاء الاصطناعي,3,300,X,  ,X,  ,X,  ,  ,05:30:00 PM,06:30:00 PM,71,لا,0 Oline,58,صبح الخشيني,إلكتروني
DA,220,2,برمجة علوم البيانات والذكاء الاصطناعي,3,44,  ,  ,X,  ,X,  ,  ,12:30:00 PM,02:00:00 PM,44,لا,خز 217,43,رامي عيسى محمد مهاوش,وجاهي
DA,330,1,هندسة البيانات وتحليلاتها,3,72,  ,X,  ,X,  ,X,  ,09:30:00 AM,10:30:00 AM,61,لا,خز 324,55,زياد ماجد هيلات,مدمج
DA,340,1,تمثيل واستدلال المعرفة,3,57,X,  ,X,  ,X,  ,  ,11:30:00 AM,12:30:00 PM,55,لا,م.ق 206,43,علي احمد ملكاوي,مدمج
DA,350,1,التعلم الآلـي والشبكات العصبونية,3,57,  ,X,  ,X,  ,X,  ,10:30:00 AM,11:30:00 AM,61,لا,م.ق 206,61,ايناس خشاشنه,وجاهي
DA,360,1,تمييز الانماط,3,300,X,  ,X,  ,X,  ,  ,05:30:00 PM,06:30:00 PM,82,لا,0 Oline,57,محمداشرف علي العتوم,إلكتروني
DA,370,1,تنقيب البيانات ومستودعاتها,3,72,  ,X,  ,X,  ,X,  ,12:30:00 PM,01:30:00 PM,75,لا,خز 326,75,ايناس خشاشنه,مدمج
DA,380,1,نمذجة البيانات ومحاكاتها,3,101,  ,X,  ,X,  ,X,  ,08:30:00 AM,09:30:00 AM,87,لا,خز 317,86,صبح الخشيني,مدمج
DA,450,1,التعلم العميق,3,55,  ,X,  ,X,  ,X,  ,10:30:00 AM,11:30:00 AM,51,لا,م.ق 207,51,زياد ماجد هيلات,مدمج
DA,460,1,البيانات الضخمة والمرئية,3,101,  ,X,  ,X,  ,X,  ,01:30:00 PM,02:30:00 PM,71,لا,خز 317,69,زياد ماجد هيلات,مدمج
DA,470,1,معالجة اللغات الطبيعية وتنقيب النصوص,3,55,  ,X,  ,X,  ,X,  ,12:30:00 PM,01:30:00 PM,41,لا,م.ق 207,27,عماد السخني,مدمج
DA,480,1,الربوتات المتنقلة الذكية,3,99,  ,X,  ,X,  ,X,  ,09:30:00 AM,10:30:00 AM,54,لا,خز 417,52,صبح الخشيني,مدمج
DA,499,1,مشروع  تخرج,3,300,X,  ,X,  ,X,  ,  ,05:30:00 PM,06:30:00 PM,19,لا,0 Oline,19,ايناس خشاشنه,إلكتروني
DA,499,2,مشروع  تخرج,3,300,X,  ,X,  ,X,  ,  ,06:30:00 PM,07:30:00 PM,19,لا,0 Oline,19,صبح الخشيني,إلكتروني
DA,499,3,مشروع  تخرج,3,300,X,  ,X,  ,X,  ,  ,06:30:00 PM,07:30:00 PM,20,لا,0 Oline,20,علي احمد ملكاوي,إلكتروني
DA,499,4,مشروع  تخرج,3,300,X,  ,X,  ,X,  ,  ,05:30:00 PM,06:30:00 PM,13,لا,0 Oline,12,عماد السخني,إلكتروني
DRG,201,1,رياضيات وفيزياء الالعاب,3,40,  ,X,  ,X,  ,X,  ,12:30:00 PM,01:30:00 PM,25,لا,خز 111,17,ربى ابو خرمه,وجاهي
DRG,202,1,النمذجة والتحريك ثنائية الأبعاد,3,30,  ,X,  ,X,  ,X,  ,12:30:00 PM,01:30:00 PM,26,لا,خز 226,21,رعد الخطيب,وجاهي
DRG,210,1,مقدمة في تطوير الالعاب,3,99,  ,X,  ,X,  ,X,  ,09:30:00 AM,10:30:00 AM,25,لا,خز 416,9,ربى ابو خرمه,وجاهي
DRG,210L,1,مختبر مقدمة في تطوير الالعاب,1,30,  ,X,  ,X,  ,X,  ,10:30:00 AM,11:30:00 AM,26,لا,خز 226,11,ربى ابو خرمه,وجاهي
DRG,310,1,تطوير الالعاب المتقدم,3,40,  ,X,  ,X,  ,X,  ,11:30:00 AM,12:30:00 PM,25,لا,خز 111,20,نواف السريحين,وجاهي
